Itemset;Support
frozenset({'fixed acidity_cluster_1'});0.3181915577458753
frozenset({'volatile acidity_cluster_1'});0.4596100278551532
frozenset({'citric acid_cluster_1'});0.33961859867152344
frozenset({'residual sugar_cluster_2'});0.2071994857510178
frozenset({'chlorides_cluster_1'});0.3070494964645383
frozenset({'free sulfur dioxide_cluster_1'});0.4163274051853439
frozenset({'total sulfur dioxide_cluster_1'});0.23591172059138632
frozenset({'density_cluster_2'});0.24812513391900579
frozenset({'pH_cluster_2'});0.3115491750589244
frozenset({'sulphates_cluster_2'});0.421255624598243
frozenset({'alcohol_cluster_2'});0.4366830940647097
frozenset({'fixed acidity_cluster_2'});0.39725733876151703
frozenset({'residual sugar_cluster_1'});0.48017998714377547
frozenset({'free sulfur dioxide_cluster_3'});0.3475466038140133
frozenset({'total sulfur dioxide_cluster_3'});0.39447182344118276
frozenset({'density_cluster_1'});0.38097278765802445
frozenset({'pH_cluster_1'});0.4780372830512106
frozenset({'sulphates_cluster_1'});0.44418255838868653
frozenset({'fixed acidity_cluster_3'});0.09642168416541676
frozenset({'residual sugar_cluster_3'});0.31262052710520677
frozenset({'total sulfur dioxide_cluster_2'});0.3696164559674309
frozenset({'volatile acidity_cluster_2'});0.4180415684593958
frozenset({'chlorides_cluster_3'});0.15984572530533533
frozenset({'free sulfur dioxide_cluster_2'});0.2361259910006428
frozenset({'citric acid_cluster_3'});0.08142275551746304
frozenset({'citric acid_cluster_4'});0.13391900578530105
frozenset({'alcohol_cluster_1'});0.35633169059352904
frozenset({'chlorides_cluster_2'});0.19027212341975575
frozenset({'density_cluster_3'});0.3709020784229698
frozenset({'alcohol_cluster_3'});0.2069852153417613
frozenset({'chlorides_cluster_4'});0.31283479751446325
frozenset({'sulphates_cluster_3'});0.1345618170130705
frozenset({'pH_cluster_3'});0.210413541889865
frozenset({'volatile acidity_cluster_3'});0.12234840368545104
frozenset({'citric acid_cluster_5'});0.027640882794086136
frozenset({'fixed acidity_cluster_4'});0.1881294193271909
frozenset({'chlorides_cluster_5'});0.029997857295907437
frozenset({'citric acid_cluster_2'});0.41739875723162634
frozenset({'quality'});0.033426183844011144
