support;itemsets
0.38097278765802445;frozenset({'density_cluster_1'})
0.24812513391900579;frozenset({'density_cluster_2'})
0.3709020784229698;frozenset({'density_cluster_3'})
0.4596100278551532;frozenset({'volatile acidity_cluster_1'})
0.4180415684593958;frozenset({'volatile acidity_cluster_2'})
0.12234840368545104;frozenset({'volatile acidity_cluster_3'})
0.292264838225841;frozenset({'quality_2'})
0.45125348189415043;frozenset({'quality_3'})
0.22305549603599742;frozenset({'quality_4'})
0.48017998714377547;frozenset({'residual sugar_cluster_1'})
0.2071994857510178;frozenset({'residual sugar_cluster_2'})
0.31262052710520677;frozenset({'residual sugar_cluster_3'})
0.33961859867152344;frozenset({'citric acid_cluster_1'})
0.41739875723162634;frozenset({'citric acid_cluster_2'})
0.08142275551746304;frozenset({'citric acid_cluster_3'})
0.13391900578530105;frozenset({'citric acid_cluster_4'})
0.1765588172273409;frozenset({'density_cluster_1', 'volatile acidity_cluster_1'})
0.16113134776087423;frozenset({'density_cluster_1', 'volatile acidity_cluster_2'})
0.1345618170130705;frozenset({'quality_2', 'density_cluster_1'})
0.17827298050139276;frozenset({'quality_3', 'density_cluster_1'})
0.15706020998500106;frozenset({'density_cluster_1', 'residual sugar_cluster_1'})
0.198842939790015;frozenset({'residual sugar_cluster_3', 'density_cluster_1'})
0.11656310263552604;frozenset({'density_cluster_1', 'citric acid_cluster_1'})
0.16091707735161775;frozenset({'density_cluster_1', 'citric acid_cluster_2'})
0.11613456181701307;frozenset({'volatile acidity_cluster_1', 'density_cluster_2'})
0.1004928219412899;frozenset({'volatile acidity_cluster_2', 'density_cluster_2'})
0.10713520462824085;frozenset({'quality_2', 'density_cluster_2'})
0.10606385258195843;frozenset({'quality_3', 'density_cluster_2'})
0.18148703664024;frozenset({'residual sugar_cluster_2', 'density_cluster_2'})
0.07670880651382044;frozenset({'citric acid_cluster_1', 'density_cluster_2'})
0.09299335761731305;frozenset({'citric acid_cluster_2', 'density_cluster_2'})
0.16691664881079923;frozenset({'density_cluster_3', 'volatile acidity_cluster_1'})
0.15641739875723162;frozenset({'density_cluster_3', 'volatile acidity_cluster_2'})
0.16691664881079923;frozenset({'quality_3', 'density_cluster_3'})
0.14420398542961216;frozenset({'density_cluster_3', 'quality_4'})
0.3205485322476966;frozenset({'density_cluster_3', 'residual sugar_cluster_1'})
0.146346689522177;frozenset({'density_cluster_3', 'citric acid_cluster_1'})
0.16348832226269552;frozenset({'density_cluster_3', 'citric acid_cluster_2'})
0.1628455110349261;frozenset({'quality_2', 'volatile acidity_cluster_1'})
0.18984358260124276;frozenset({'quality_3', 'volatile acidity_cluster_1'})
0.09127919434326119;frozenset({'volatile acidity_cluster_1', 'quality_4'})
0.20334261838440112;frozenset({'volatile acidity_cluster_1', 'residual sugar_cluster_1'})
0.09642168416541676;frozenset({'volatile acidity_cluster_1', 'residual sugar_cluster_2'})
0.15984572530533533;frozenset({'residual sugar_cluster_3', 'volatile acidity_cluster_1'})
0.14098992929076495;frozenset({'volatile acidity_cluster_1', 'citric acid_cluster_1'})
0.19155774587529462;frozenset({'volatile acidity_cluster_1', 'citric acid_cluster_2'})
0.07392329119348617;frozenset({'volatile acidity_cluster_1', 'citric acid_cluster_4'})
0.0842082708377973;frozenset({'quality_2', 'volatile acidity_cluster_2'})
0.22241268480822798;frozenset({'quality_3', 'volatile acidity_cluster_2'})
0.10456395971716306;frozenset({'volatile acidity_cluster_2', 'quality_4'})
0.2221984143989715;frozenset({'volatile acidity_cluster_2', 'residual sugar_cluster_1'})
0.08849367902292693;frozenset({'volatile acidity_cluster_2', 'residual sugar_cluster_2'})
0.10734947503749732;frozenset({'residual sugar_cluster_3', 'volatile acidity_cluster_2'})
0.1731304906792372;frozenset({'volatile acidity_cluster_2', 'citric acid_cluster_1'})
0.17763016927362332;frozenset({'volatile acidity_cluster_2', 'citric acid_cluster_2'})
0.11249196485965288;frozenset({'quality_2', 'residual sugar_cluster_1'})
0.07970859224341119;frozenset({'quality_2', 'residual sugar_cluster_2'})
0.10006428112277695;frozenset({'residual sugar_cluster_3', 'quality_2'})
0.08549389329333619;frozenset({'quality_2', 'citric acid_cluster_1'})
0.10263552603385473;frozenset({'quality_2', 'citric acid_cluster_2'})
0.21255624598242984;frozenset({'quality_3', 'residual sugar_cluster_1'})
0.09299335761731305;frozenset({'quality_3', 'residual sugar_cluster_2'})
0.14570387829440754;frozenset({'quality_3', 'residual sugar_cluster_3'})
0.15834583244053996;frozenset({'quality_3', 'citric acid_cluster_1'})
0.1977715877437326;frozenset({'quality_3', 'citric acid_cluster_2'})
0.13391900578530105;frozenset({'residual sugar_cluster_1', 'quality_4'})
0.08699378615813157;frozenset({'citric acid_cluster_1', 'quality_4'})
0.10734947503749732;frozenset({'quality_4', 'citric acid_cluster_2'})
0.17955860295693166;frozenset({'residual sugar_cluster_1', 'citric acid_cluster_1'})
0.19991429183629741;frozenset({'residual sugar_cluster_1', 'citric acid_cluster_2'})
0.08699378615813157;frozenset({'citric acid_cluster_2', 'residual sugar_cluster_2'})
0.1004928219412899;frozenset({'residual sugar_cluster_3', 'citric acid_cluster_1'})
0.13049067923719734;frozenset({'residual sugar_cluster_3', 'citric acid_cluster_2'})
0.07906578101564174;frozenset({'quality_2', 'density_cluster_1', 'volatile acidity_cluster_1'})
0.07285193914720377;frozenset({'quality_3', 'density_cluster_1', 'volatile acidity_cluster_1'})
0.10263552603385473;frozenset({'residual sugar_cluster_3', 'density_cluster_1', 'volatile acidity_cluster_1'})
0.07199485751017784;frozenset({'density_cluster_1', 'volatile acidity_cluster_1', 'citric acid_cluster_2'})
0.09256481679880009;frozenset({'quality_3', 'density_cluster_1', 'volatile acidity_cluster_2'})
0.07435183201199914;frozenset({'density_cluster_1', 'volatile acidity_cluster_2', 'residual sugar_cluster_1'})
0.07799442896935933;frozenset({'residual sugar_cluster_3', 'density_cluster_1', 'volatile acidity_cluster_2'})
0.07156631669166488;frozenset({'density_cluster_1', 'volatile acidity_cluster_2', 'citric acid_cluster_2'})
0.06728090850653524;frozenset({'residual sugar_cluster_3', 'density_cluster_1', 'quality_2'})
0.06535247482322691;frozenset({'quality_3', 'density_cluster_1', 'residual sugar_cluster_1'})
0.09749303621169916;frozenset({'quality_3', 'density_cluster_1', 'residual sugar_cluster_3'})
0.08056567388043712;frozenset({'quality_3', 'density_cluster_1', 'citric acid_cluster_2'})
0.08227983715448897;frozenset({'residual sugar_cluster_3', 'density_cluster_1', 'citric acid_cluster_2'})
0.08463681165631026;frozenset({'density_cluster_2', 'volatile acidity_cluster_1', 'residual sugar_cluster_2'})
0.07970859224341119;frozenset({'volatile acidity_cluster_2', 'residual sugar_cluster_2', 'density_cluster_2'})
0.076065995286051;frozenset({'quality_2', 'residual sugar_cluster_2', 'density_cluster_2'})
0.07692307692307693;frozenset({'quality_3', 'residual sugar_cluster_2', 'density_cluster_2'})
0.07113777587315191;frozenset({'citric acid_cluster_2', 'residual sugar_cluster_2', 'density_cluster_2'})
0.07242339832869081;frozenset({'quality_3', 'density_cluster_3', 'volatile acidity_cluster_1'})
0.06749517891579172;frozenset({'density_cluster_3', 'volatile acidity_cluster_1', 'quality_4'})
0.13991857724448253;frozenset({'density_cluster_3', 'volatile acidity_cluster_1', 'residual sugar_cluster_1'})
0.07885151060638526;frozenset({'density_cluster_3', 'volatile acidity_cluster_1', 'citric acid_cluster_2'})
0.07820869937861581;frozenset({'quality_3', 'density_cluster_3', 'volatile acidity_cluster_2'})
0.14656095993143348;frozenset({'density_cluster_3', 'volatile acidity_cluster_2', 'residual sugar_cluster_1'})
0.07585172487679452;frozenset({'density_cluster_3', 'volatile acidity_cluster_2', 'citric acid_cluster_1'})
0.1461324191129205;frozenset({'quality_3', 'density_cluster_3', 'residual sugar_cluster_1'})
0.0749946432397686;frozenset({'quality_3', 'density_cluster_3', 'citric acid_cluster_2'})
0.11742018427255196;frozenset({'density_cluster_3', 'residual sugar_cluster_1', 'quality_4'})
0.06835226055281765;frozenset({'density_cluster_3', 'quality_4', 'citric acid_cluster_2'})
0.13049067923719734;frozenset({'density_cluster_3', 'residual sugar_cluster_1', 'citric acid_cluster_1'})
0.13520462824083995;frozenset({'density_cluster_3', 'residual sugar_cluster_1', 'citric acid_cluster_2'})
0.08163702592671952;frozenset({'quality_3', 'volatile acidity_cluster_1', 'residual sugar_cluster_1'})
0.06963788300835655;frozenset({'quality_3', 'volatile acidity_cluster_1', 'residual sugar_cluster_3'})
0.08506535247482323;frozenset({'quality_3', 'volatile acidity_cluster_1', 'citric acid_cluster_2'})
0.06963788300835655;frozenset({'volatile acidity_cluster_1', 'residual sugar_cluster_1', 'citric acid_cluster_1'})
0.08935076065995286;frozenset({'volatile acidity_cluster_1', 'residual sugar_cluster_1', 'citric acid_cluster_2'})
0.11484893936147418;frozenset({'quality_3', 'volatile acidity_cluster_2', 'residual sugar_cluster_1'})
0.08956503106920934;frozenset({'quality_3', 'volatile acidity_cluster_2', 'citric acid_cluster_1'})
0.09449325048210842;frozenset({'quality_3', 'volatile acidity_cluster_2', 'citric acid_cluster_2'})
0.10006428112277695;frozenset({'volatile acidity_cluster_2', 'residual sugar_cluster_1', 'citric acid_cluster_1'})
0.08806513820441397;frozenset({'volatile acidity_cluster_2', 'residual sugar_cluster_1', 'citric acid_cluster_2'})
0.08120848510820655;frozenset({'quality_3', 'residual sugar_cluster_1', 'citric acid_cluster_1'})
0.08977930147846583;frozenset({'quality_3', 'residual sugar_cluster_1', 'citric acid_cluster_2'})
0.06770944932504822;frozenset({'quality_3', 'residual sugar_cluster_3', 'citric acid_cluster_2'})
0.07285193914720377;frozenset({'quality_3', 'density_cluster_3', 'volatile acidity_cluster_2', 'residual sugar_cluster_1'})
0.07070923505463896;frozenset({'density_cluster_3', 'volatile acidity_cluster_2', 'residual sugar_cluster_1', 'citric acid_cluster_1'})
